http://54.149.235.28/site-map/,http://54.149.235.28/,200
http://54.149.235.28/job-seekers/travel/is-traveling-right-for-you/,http://54.149.235.28/2016/06/30/is-a-travel-healthcare-job-right-for-you/,200
http://54.149.235.28/about-us/,http://54.149.235.28/about-us/,200
http://54.149.235.28/about-us/customer-service/,http://54.149.235.28/about-us/,200
http://54.149.235.28/about-us/testimonials/,http://54.149.235.28/about-us/,200
http://54.149.235.28/about-us/who-we-are/,http://54.149.235.28/about-us/,200
http://54.149.235.28/apply-now/,http://54.149.235.28/apply-now/,200
http://54.149.235.28/blog/,http://54.149.235.28/blog/,200
http://54.149.235.28/career-resources/,http://54.149.235.28/career-resources/,200
http://54.149.235.28/traveler-resources/career-resources/,http://54.149.235.28/career-resources/,200
http://54.149.235.28/traveler-resources/financial-resources/,http://54.149.235.28/career-resources/,200
http://54.149.235.28/traveler-resources/traveler-resources-2/,http://54.149.235.28/career-resources/,200
http://54.149.235.28/us-map,http://54.149.235.28/career-resources/,200
http://54.149.235.28/clients/,http://54.149.235.28/clients/,200
http://54.149.235.28/clients/preferred-status/,http://54.149.235.28/clients/,200
http://54.149.235.28/clients/staffing-services/,http://54.149.235.28/clients/,200
http://54.149.235.28/clients/why-liquidagents-healthcare/,http://54.149.235.28/clients/,200
http://54.149.235.28/jobs/government-healthcare-jobs/,http://54.149.235.28/clients/,404
http://54.149.235.28/clients/request-staffing/,http://54.149.235.28/contact/,200
http://54.149.235.28/contact/,http://54.149.235.28/contact/,200
http://54.149.235.28/contact/contact-us/,http://54.149.235.28/contact/,200
http://54.149.235.28/contact/tell-us-what-you-thinkfeedback/,http://54.149.235.28/contact/,200
http://54.149.235.28/contact/work-at-liquidagents-healthcare/,http://54.149.235.28/contact/,200
http://54.149.235.28/job-seekers/request-a-call-back/,http://54.149.235.28/contact/,200
http://54.149.235.28/faq/,http://54.149.235.28/faq/,200
http://54.149.235.28/job-seekers/f-a-q/,http://54.149.235.28/faq/,200
http://54.149.235.28/job-board/,http://54.149.235.28/job-board/,200
http://54.149.235.28/jobs/featured-jobs/,http://54.149.235.28/job-board/,200
http://54.149.235.28/jobs/search-jobs/,http://54.149.235.28/job-board/,200
http://54.149.235.28/about-us/our-services/,http://54.149.235.28/job-seekers/,200
http://54.149.235.28/jobs/refer-a-friend/,http://54.149.235.28/job-seekers/,200
http://54.149.235.28/job-seekers/,http://54.149.235.28/job-seekers/,200
http://54.149.235.28/job-seekers/benefits/,http://54.149.235.28/job-seekers/,200
http://54.149.235.28/job-seekers/promotions/allied,http://54.149.235.28/job-seekers/,200
http://54.149.235.28/job-seekers/promotions/nursing/,http://54.149.235.28/job-seekers/,200
http://54.149.235.28/job-seekers/travel/,http://54.149.235.28/job-seekers/,200
http://54.149.235.28/job-seekers/travel/featured-clientshospitals/,http://54.149.235.28/job-seekers/,200
http://54.149.235.28/job-seekers/travel/why-travel/,http://54.149.235.28/job-seekers/,200
http://54.149.235.28/job-seekers/why-liquidagents/,http://54.149.235.28/job-seekers/,200
http://54.149.235.28/permanent-placement,http://54.149.235.28/job-seekers/,200
http://54.149.235.28/permanent-positions,http://54.149.235.28/job-seekers/,200
http://54.149.235.28/log-in/,http://54.149.235.28/log-in/,200
http://54.149.235.28/about-us/awards/,http://54.149.235.28/press-room/,200
http://54.149.235.28/about-us/joint-commissionnatho-membership/,http://54.149.235.28/press-room/,200
http://54.149.235.28/about-us/newsroom/,http://54.149.235.28/press-room/,200
http://54.149.235.28/about-us/newsroom/press-releases/,http://54.149.235.28/press-room/,200
